Tensao,Frequencia
820.2570297,3.325
740.8514887,3.025
687.8520541,2.375
548.9915286,3.575
517.799744,3.625
519.6027454,3.125